               epoch,      train/box_loss,      train/obj_loss,      train/cls_loss,   metrics/precision,      metrics/recall,     metrics/mAP_0.5,metrics/mAP_0.5:0.95,        val/box_loss,        val/obj_loss,        val/cls_loss,               x/lr0,               x/lr1,               x/lr2
                   0,            0.013156,           0.0043939,           0.0010699,             0.63699,             0.65551,             0.65399,             0.48425,            0.023849,           0.0062908,            0.051166,            0.070536,           0.0032738,           0.0032738
                   1,            0.013671,           0.0042844,          0.00087594,             0.55859,             0.73364,             0.63782,             0.47563,             0.02439,           0.0067689,            0.053602,            0.040503,           0.0065744,           0.0065744
                   2,            0.015175,           0.0043929,          0.00057648,             0.54925,             0.68293,             0.57378,             0.41678,            0.025164,           0.0068246,            0.077226,            0.010437,           0.0098421,           0.0098421
                   3,            0.015745,           0.0042572,          0.00068236,             0.55073,             0.71798,             0.62325,             0.44684,            0.024251,           0.0066708,            0.050501,           0.0098515,           0.0098515,           0.0098515
                   4,            0.015118,           0.0043357,          0.00093043,             0.53434,             0.74788,             0.61733,             0.43447,            0.025335,           0.0066109,            0.054041,           0.0098515,           0.0098515,           0.0098515
                   5,            0.015807,           0.0045286,           0.0010063,             0.54427,             0.74502,             0.60103,              0.4345,            0.025463,           0.0073453,            0.052434,            0.009802,            0.009802,            0.009802
                   6,            0.015112,           0.0044032,           0.0010362,             0.51783,             0.70525,             0.57767,             0.41859,            0.025178,           0.0069934,            0.061284,           0.0097525,           0.0097525,           0.0097525
                   7,            0.015526,           0.0043347,           0.0012275,             0.51196,             0.70025,             0.57447,             0.40873,            0.026131,           0.0068818,            0.066214,            0.009703,            0.009703,            0.009703
                   8,             0.01563,           0.0044847,          0.00094568,              0.4738,             0.60483,             0.48168,              0.3512,            0.026569,           0.0085663,            0.074541,           0.0096535,           0.0096535,           0.0096535
                   9,            0.015662,           0.0046061,           0.0014391,             0.50172,             0.66827,             0.53144,             0.38785,            0.024895,           0.0073329,            0.067982,            0.009604,            0.009604,            0.009604
                  10,            0.015501,           0.0044735,           0.0012021,             0.52437,             0.69896,             0.55916,             0.39299,            0.026565,           0.0081872,            0.047063,           0.0095545,           0.0095545,           0.0095545
                  11,            0.014545,           0.0042892,          0.00099573,             0.47509,             0.73347,             0.54157,              0.3914,            0.024675,           0.0068134,            0.063049,            0.009505,            0.009505,            0.009505
                  12,            0.014655,           0.0046425,            0.001304,              0.4796,               0.672,             0.53799,             0.37986,            0.025852,            0.006954,             0.07098,           0.0094555,           0.0094555,           0.0094555
                  13,             0.01505,           0.0045435,           0.0013608,             0.48758,              0.6301,             0.52695,             0.36829,            0.025946,           0.0069291,            0.080634,            0.009406,            0.009406,            0.009406
                  14,            0.015173,           0.0045108,           0.0012056,             0.49383,             0.69436,             0.54676,             0.39567,            0.025417,            0.006815,            0.066636,           0.0093565,           0.0093565,           0.0093565
                  15,            0.014717,           0.0044467,           0.0010733,             0.45949,              0.6926,             0.56501,              0.4006,             0.02489,           0.0064171,             0.06475,            0.009307,            0.009307,            0.009307
                  16,            0.014294,           0.0044158,           0.0014133,              0.4775,             0.67427,             0.56998,             0.40822,            0.025455,           0.0069092,            0.069468,           0.0092575,           0.0092575,           0.0092575
                  17,            0.014753,           0.0046331,           0.0016396,              0.5027,             0.68749,             0.56939,             0.40982,            0.025359,           0.0076839,            0.059621,            0.009208,            0.009208,            0.009208
                  18,            0.014572,            0.004422,           0.0016554,              0.5146,             0.71411,             0.57154,             0.40968,            0.024808,           0.0067053,            0.059546,           0.0091585,           0.0091585,           0.0091585
                  19,            0.015151,           0.0043975,           0.0012448,             0.55458,             0.66674,             0.57274,             0.42181,            0.024518,           0.0071558,            0.047479,            0.009109,            0.009109,            0.009109
                  20,            0.014591,           0.0043868,           0.0016959,              0.5841,             0.68159,             0.64273,             0.44184,            0.026578,           0.0074205,            0.049975,           0.0090595,           0.0090595,           0.0090595
                  21,            0.013714,           0.0041717,           0.0013666,             0.50881,             0.68772,             0.56445,             0.40777,            0.024522,           0.0071017,            0.070986,             0.00901,             0.00901,             0.00901
                  22,             0.01487,            0.004267,          0.00093497,             0.53129,             0.67577,             0.60546,             0.43334,            0.024741,           0.0074056,            0.068124,           0.0089605,           0.0089605,           0.0089605
                  23,            0.014189,           0.0044993,          0.00097288,             0.56226,             0.66301,             0.61335,             0.44631,            0.025114,           0.0066525,            0.052128,            0.008911,            0.008911,            0.008911
                  24,            0.014096,           0.0043759,          0.00089299,              0.5532,             0.67928,              0.5955,             0.43299,            0.025468,           0.0073855,            0.076228,           0.0088615,           0.0088615,           0.0088615
                  25,            0.014242,           0.0042287,            0.001146,              0.5257,             0.65458,              0.5341,             0.38232,            0.026275,           0.0074177,            0.054266,            0.008812,            0.008812,            0.008812
                  26,            0.014835,           0.0045012,           0.0013459,             0.55446,             0.71859,              0.5992,             0.44172,             0.02442,           0.0068581,             0.05722,           0.0087625,           0.0087625,           0.0087625
                  27,            0.014256,           0.0042747,           0.0016082,             0.55388,             0.70179,             0.59873,             0.43688,            0.024812,           0.0072771,            0.060189,            0.008713,            0.008713,            0.008713
                  28,            0.013648,            0.004373,           0.0013449,             0.55681,             0.65629,              0.5722,             0.41932,            0.023755,           0.0065782,            0.065346,           0.0086635,           0.0086635,           0.0086635
                  29,            0.013867,           0.0042328,           0.0012272,             0.50504,              0.6523,             0.56916,             0.41955,            0.024275,           0.0073269,            0.079501,            0.008614,            0.008614,            0.008614
                  30,            0.014454,           0.0043879,           0.0010797,             0.52491,             0.70837,             0.56678,             0.41075,            0.024834,           0.0068836,            0.061939,           0.0085645,           0.0085645,           0.0085645
                  31,            0.013997,           0.0042811,          0.00080857,             0.47088,             0.65282,              0.5214,             0.37989,            0.024377,            0.006597,            0.084703,            0.008515,            0.008515,            0.008515
                  32,            0.013683,           0.0040238,          0.00094723,             0.57732,             0.64822,             0.61579,             0.44847,            0.024348,           0.0066987,            0.065456,           0.0084655,           0.0084655,           0.0084655
                  33,             0.01358,           0.0042167,           0.0012183,             0.52714,             0.72298,             0.58769,             0.43394,            0.024528,           0.0072126,            0.059558,            0.008416,            0.008416,            0.008416
                  34,            0.013387,           0.0042391,          0.00094225,             0.60968,             0.62754,             0.60678,             0.43915,            0.024458,           0.0068427,             0.04905,           0.0083665,           0.0083665,           0.0083665
                  35,            0.014054,           0.0043956,          0.00079913,             0.53123,             0.71037,             0.56623,             0.42082,            0.024008,           0.0068248,            0.066698,            0.008317,            0.008317,            0.008317
                  36,            0.013758,           0.0040789,          0.00078189,              0.5489,             0.67977,             0.60429,             0.43885,            0.024264,           0.0066789,             0.06442,           0.0082675,           0.0082675,           0.0082675
                  37,            0.013634,           0.0043515,           0.0011182,             0.54729,             0.66529,             0.59839,             0.44162,            0.024389,           0.0069357,            0.071933,            0.008218,            0.008218,            0.008218
                  38,            0.013461,           0.0041986,          0.00077932,             0.59935,             0.65278,             0.65538,             0.48549,            0.024857,           0.0067171,            0.055186,           0.0081685,           0.0081685,           0.0081685
                  39,            0.013621,           0.0040253,            0.001038,               0.544,             0.66054,             0.62172,             0.47027,            0.024056,           0.0073262,             0.06473,            0.008119,            0.008119,            0.008119
                  40,             0.01316,           0.0040496,          0.00090607,             0.52249,             0.70406,             0.60222,             0.44138,            0.024583,           0.0074511,            0.069694,           0.0080695,           0.0080695,           0.0080695
                  41,            0.013495,           0.0041388,           0.0013103,             0.49703,             0.62279,             0.52794,             0.39629,            0.024865,           0.0091713,            0.058446,             0.00802,             0.00802,             0.00802
                  42,            0.013104,           0.0041827,           0.0010942,             0.49403,             0.66555,             0.57709,              0.4173,            0.024045,           0.0065851,            0.077344,           0.0079705,           0.0079705,           0.0079705
                  43,            0.013086,            0.004131,           0.0011316,              0.5164,             0.67652,             0.58765,             0.43726,            0.023772,           0.0069398,            0.065933,            0.007921,            0.007921,            0.007921
                  44,            0.012879,           0.0040876,          0.00079553,             0.52602,             0.65576,             0.55618,             0.40904,            0.024681,           0.0073188,            0.079615,           0.0078715,           0.0078715,           0.0078715
                  45,            0.013183,           0.0042512,          0.00082279,             0.52635,             0.65879,              0.5575,             0.40687,            0.024838,           0.0074663,            0.074497,            0.007822,            0.007822,            0.007822
                  46,            0.013422,           0.0041109,           0.0014183,             0.51492,             0.66669,             0.56201,             0.42062,            0.024649,           0.0077999,            0.071355,           0.0077725,           0.0077725,           0.0077725
                  47,            0.013226,            0.004185,          0.00064904,             0.54218,             0.67569,              0.5838,             0.43163,            0.025327,           0.0082778,            0.071019,            0.007723,            0.007723,            0.007723
                  48,              0.0127,           0.0040318,          0.00083037,              0.5563,             0.69248,             0.61713,             0.45813,            0.024161,           0.0071206,            0.063321,           0.0076735,           0.0076735,           0.0076735
                  49,            0.012565,           0.0038116,           0.0010172,             0.53416,             0.68462,             0.59325,             0.43918,             0.02359,           0.0072826,            0.073976,            0.007624,            0.007624,            0.007624
                  50,            0.012412,            0.003982,           0.0008956,             0.53843,             0.74863,             0.64362,             0.47216,            0.024065,           0.0067654,            0.054639,           0.0075745,           0.0075745,           0.0075745
                  51,            0.013335,           0.0040462,           0.0011878,             0.51901,             0.67805,             0.58459,             0.43545,            0.024141,           0.0067342,            0.070239,            0.007525,            0.007525,            0.007525
                  52,             0.01239,            0.003861,           0.0010033,             0.52712,             0.69525,             0.56395,             0.42535,            0.023795,           0.0068432,            0.066803,           0.0074755,           0.0074755,           0.0074755
                  53,            0.012695,           0.0039529,           0.0011947,              0.5232,             0.70877,             0.57366,             0.41968,            0.024198,            0.007074,             0.07081,            0.007426,            0.007426,            0.007426
                  54,            0.012892,           0.0040556,           0.0010546,             0.48337,             0.55762,             0.42659,             0.30575,            0.026529,              0.0101,            0.071012,           0.0073765,           0.0073765,           0.0073765
                  55,            0.012499,           0.0040435,           0.0011631,             0.50008,             0.67977,             0.52731,             0.39331,            0.025431,           0.0080122,            0.067858,            0.007327,            0.007327,            0.007327
                  56,            0.012565,           0.0039705,          0.00090163,             0.52085,             0.68626,             0.59533,             0.44925,            0.023967,           0.0073107,            0.064086,           0.0072775,           0.0072775,           0.0072775
                  57,            0.012168,           0.0039127,           0.0011149,             0.52372,              0.6692,             0.56422,             0.41705,            0.024896,           0.0075068,            0.072022,            0.007228,            0.007228,            0.007228
                  58,            0.012519,           0.0040251,           0.0014225,             0.53002,             0.69786,             0.59453,             0.43554,            0.024483,           0.0068869,            0.065543,           0.0071785,           0.0071785,           0.0071785
                  59,             0.01223,           0.0039021,          0.00089813,             0.51002,             0.64029,             0.51054,              0.3827,             0.02523,            0.009422,            0.067957,            0.007129,            0.007129,            0.007129
                  60,            0.012453,           0.0038644,          0.00077018,             0.51441,             0.64942,             0.54152,             0.40809,            0.023929,           0.0071696,            0.076039,           0.0070795,           0.0070795,           0.0070795
                  61,            0.012121,              0.0039,          0.00091074,              0.4957,             0.63948,             0.53411,             0.39753,             0.02492,           0.0080144,            0.076917,             0.00703,             0.00703,             0.00703
                  62,            0.012616,           0.0041017,          0.00062285,             0.52161,             0.71276,             0.59743,             0.45328,            0.023183,           0.0064056,            0.072719,           0.0069805,           0.0069805,           0.0069805
                  63,            0.012377,           0.0040406,          0.00059935,             0.50366,             0.66279,             0.58722,             0.43961,             0.02385,           0.0064412,            0.074016,            0.006931,            0.006931,            0.006931
                  64,            0.012038,           0.0039611,          0.00092245,             0.50667,             0.68146,             0.59839,             0.45341,            0.023719,           0.0069152,            0.070848,           0.0068815,           0.0068815,           0.0068815
                  65,            0.011866,            0.003844,           0.0011752,             0.53127,             0.69023,             0.60417,             0.45904,            0.023692,           0.0072408,            0.070597,            0.006832,            0.006832,            0.006832
                  66,            0.012039,           0.0039858,          0.00075352,             0.52499,             0.66116,             0.61018,             0.45992,            0.024051,           0.0078044,            0.069194,           0.0067825,           0.0067825,           0.0067825
                  67,            0.011905,           0.0036893,            0.001004,             0.54621,              0.7038,             0.59194,             0.44759,             0.02403,           0.0075141,            0.065188,            0.006733,            0.006733,            0.006733
                  68,            0.011989,           0.0037371,            0.000763,             0.54945,             0.73974,             0.62488,             0.46864,            0.023851,           0.0072638,            0.059155,           0.0066835,           0.0066835,           0.0066835
                  69,            0.012097,           0.0037241,          0.00075635,             0.54995,             0.72299,             0.58045,             0.43777,            0.023918,           0.0077676,            0.066729,            0.006634,            0.006634,            0.006634
                  70,            0.012179,           0.0038999,          0.00060067,             0.51708,             0.64365,             0.56335,             0.42498,              0.0236,           0.0076709,            0.079295,           0.0065845,           0.0065845,           0.0065845
                  71,            0.011722,           0.0036264,          0.00041108,             0.52541,             0.69609,             0.58354,             0.43949,            0.023771,           0.0073057,            0.077247,            0.006535,            0.006535,            0.006535
                  72,            0.011706,            0.003794,          0.00062716,             0.52535,             0.67152,             0.57033,             0.42419,            0.023966,           0.0071422,             0.08141,           0.0064855,           0.0064855,           0.0064855
                  73,            0.011882,           0.0035933,          0.00052327,             0.53203,             0.69578,             0.56411,             0.41681,            0.024014,           0.0075707,            0.075957,            0.006436,            0.006436,            0.006436
                  74,            0.011185,           0.0036792,          0.00061557,             0.53686,              0.6086,             0.55006,             0.41236,            0.024351,           0.0079826,            0.091022,           0.0063865,           0.0063865,           0.0063865
                  75,            0.011691,            0.003682,          0.00081771,              0.5381,             0.70877,             0.60032,             0.44425,            0.024122,           0.0073862,            0.062536,            0.006337,            0.006337,            0.006337
                  76,             0.01178,           0.0037083,          0.00043608,              0.5575,             0.69249,             0.62214,             0.45765,            0.023531,           0.0068655,            0.058731,           0.0062875,           0.0062875,           0.0062875
                  77,            0.012085,           0.0039075,          0.00093086,             0.56929,             0.71934,              0.6269,             0.47229,            0.023783,           0.0072051,            0.074334,            0.006238,            0.006238,            0.006238
                  78,            0.011599,            0.003779,          0.00087014,             0.60083,             0.63573,              0.6319,             0.47621,             0.02308,           0.0066319,            0.062064,           0.0061885,           0.0061885,           0.0061885
                  79,            0.012189,           0.0038599,           0.0010084,              0.5241,             0.64778,             0.57394,             0.43512,            0.023186,           0.0069462,            0.073659,            0.006139,            0.006139,            0.006139
                  80,            0.011995,           0.0037364,           0.0011419,             0.54519,             0.70119,             0.59007,             0.44435,             0.02315,           0.0065925,            0.062675,           0.0060895,           0.0060895,           0.0060895
                  81,            0.011154,           0.0038449,          0.00085023,             0.51101,             0.71947,             0.58019,             0.43025,            0.023036,           0.0060936,            0.064353,             0.00604,             0.00604,             0.00604
                  82,            0.011708,            0.003947,           0.0011404,             0.52947,             0.70978,             0.60487,             0.45809,            0.023152,           0.0066812,            0.060712,           0.0059905,           0.0059905,           0.0059905
                  83,            0.011145,           0.0035607,           0.0011778,             0.54257,             0.70723,             0.62341,              0.4743,            0.023017,           0.0065058,            0.060957,            0.005941,            0.005941,            0.005941
                  84,            0.010995,            0.003615,          0.00085961,             0.63708,             0.64603,             0.65418,             0.49827,            0.023058,           0.0066592,            0.055079,           0.0058915,           0.0058915,           0.0058915
                  85,            0.011615,           0.0037843,          0.00073746,             0.55965,             0.71164,             0.65246,             0.48991,            0.023019,           0.0068887,            0.068778,            0.005842,            0.005842,            0.005842
                  86,             0.01217,           0.0038846,          0.00064699,             0.54084,             0.69865,             0.62252,              0.4783,            0.023669,           0.0073379,            0.062269,           0.0057925,           0.0057925,           0.0057925
                  87,            0.011088,           0.0036692,            0.001482,             0.59483,              0.7151,              0.6438,             0.48308,            0.024339,           0.0076943,            0.064164,            0.005743,            0.005743,            0.005743
                  88,            0.010709,            0.003529,           0.0010784,              0.5329,             0.67319,             0.63194,             0.48247,            0.023724,            0.007756,            0.072352,           0.0056935,           0.0056935,           0.0056935
                  89,            0.011044,           0.0039117,          0.00089149,             0.54269,             0.71046,             0.62262,             0.47358,            0.022887,           0.0070957,            0.065901,            0.005644,            0.005644,            0.005644
                  90,            0.011575,            0.003727,          0.00078588,             0.51448,             0.64682,             0.58267,             0.44115,            0.023132,           0.0075079,             0.07769,           0.0055945,           0.0055945,           0.0055945
                  91,             0.01088,           0.0036584,          0.00091856,             0.55477,             0.68666,             0.60556,             0.45715,            0.023558,           0.0079436,            0.067792,            0.005545,            0.005545,            0.005545
                  92,            0.011029,           0.0035737,          0.00087618,             0.53386,             0.72048,              0.5929,             0.44456,            0.023184,           0.0070749,             0.06696,           0.0054955,           0.0054955,           0.0054955
                  93,            0.011326,           0.0037148,          0.00086496,             0.54726,             0.73597,             0.63227,              0.4722,            0.022882,           0.0066996,            0.061483,            0.005446,            0.005446,            0.005446
                  94,            0.011158,           0.0035667,          0.00067159,             0.55751,             0.71772,             0.63246,             0.47237,            0.023384,            0.007216,            0.055223,           0.0053965,           0.0053965,           0.0053965
                  95,            0.010883,           0.0036404,           0.0007547,             0.51899,             0.69457,             0.60821,             0.44789,            0.023664,           0.0066609,            0.076617,            0.005347,            0.005347,            0.005347
                  96,            0.010697,           0.0035681,          0.00081956,             0.56133,             0.66954,             0.61696,             0.46398,             0.02326,           0.0067727,            0.076833,           0.0052975,           0.0052975,           0.0052975
                  97,            0.011114,           0.0036334,          0.00094772,             0.55108,             0.70925,             0.65055,             0.48447,            0.023389,           0.0067569,            0.069886,            0.005248,            0.005248,            0.005248
                  98,            0.010674,           0.0035882,          0.00080212,             0.52601,             0.72697,             0.61582,             0.45784,            0.022757,           0.0064148,            0.068944,           0.0051985,           0.0051985,           0.0051985
                  99,            0.010601,           0.0035591,          0.00087255,             0.53274,             0.72352,              0.6053,              0.4465,            0.023369,           0.0065381,            0.069311,            0.005149,            0.005149,            0.005149
                 100,            0.010854,           0.0036591,          0.00079954,             0.52237,             0.69999,             0.59183,             0.43464,             0.02358,           0.0068569,            0.067236,           0.0050995,           0.0050995,           0.0050995
                 101,            0.010482,           0.0034788,          0.00070019,             0.54552,              0.7218,             0.60922,             0.45025,            0.023194,           0.0065878,            0.063779,             0.00505,             0.00505,             0.00505
                 102,            0.010777,           0.0036685,          0.00057004,             0.57674,             0.73026,             0.63496,              0.4677,            0.023361,             0.00655,            0.058581,           0.0050005,           0.0050005,           0.0050005
                 103,            0.010468,           0.0034518,          0.00050632,             0.54825,             0.68062,              0.6008,             0.45497,            0.023465,            0.007265,            0.077634,            0.004951,            0.004951,            0.004951
                 104,            0.010436,           0.0035449,          0.00051266,             0.59898,             0.68461,             0.64651,             0.47839,            0.023086,           0.0067327,            0.062851,           0.0049015,           0.0049015,           0.0049015
                 105,            0.010565,           0.0035534,          0.00089889,              0.5619,              0.7085,             0.65165,             0.49378,            0.022884,             0.00671,            0.072249,            0.004852,            0.004852,            0.004852
                 106,            0.010136,           0.0033323,          0.00050577,             0.52697,             0.65425,              0.6086,             0.45853,            0.023688,           0.0076793,            0.075078,           0.0048025,           0.0048025,           0.0048025
                 107,            0.010375,           0.0034853,          0.00067502,             0.55207,             0.69451,             0.62206,             0.46564,            0.023749,           0.0074838,            0.069668,            0.004753,            0.004753,            0.004753
                 108,             0.01048,           0.0035631,          0.00053177,              0.5321,             0.73599,             0.60978,             0.44789,            0.023568,           0.0067025,            0.063676,           0.0047035,           0.0047035,           0.0047035
                 109,            0.010248,           0.0034791,          0.00060534,             0.51268,             0.66928,             0.55738,             0.41579,             0.02364,           0.0068324,            0.081839,            0.004654,            0.004654,            0.004654
                 110,            0.010071,           0.0036654,          0.00056525,              0.5266,             0.70499,             0.58586,             0.43636,            0.023546,           0.0072303,            0.071022,           0.0046045,           0.0046045,           0.0046045
                 111,            0.010368,           0.0034967,           0.0003418,             0.52466,             0.69025,             0.57846,             0.42562,             0.02396,           0.0073053,            0.072782,            0.004555,            0.004555,            0.004555
                 112,            0.010087,           0.0032464,          0.00051539,             0.53222,             0.67214,             0.59395,             0.44125,            0.023844,           0.0076598,            0.078083,           0.0045055,           0.0045055,           0.0045055
                 113,            0.010227,           0.0034824,          0.00054151,             0.53787,             0.70201,             0.62338,             0.46828,            0.023291,           0.0068643,            0.077192,            0.004456,            0.004456,            0.004456
                 114,            0.010091,           0.0035569,          0.00078814,             0.52728,             0.72149,             0.59539,             0.43766,             0.02383,           0.0069073,            0.071038,           0.0044065,           0.0044065,           0.0044065
                 115,             0.00981,           0.0034191,          0.00090034,             0.53262,             0.73522,             0.62193,             0.46246,            0.023212,           0.0068284,            0.067949,            0.004357,            0.004357,            0.004357
                 116,           0.0096181,           0.0034267,          0.00070814,             0.54889,             0.69072,             0.59523,             0.44817,            0.023519,           0.0072667,            0.072268,           0.0043075,           0.0043075,           0.0043075
                 117,           0.0095177,           0.0031643,          0.00075876,             0.56252,             0.72998,             0.61214,             0.44927,            0.024032,           0.0072062,            0.060631,            0.004258,            0.004258,            0.004258
                 118,            0.010246,           0.0035336,          0.00064495,             0.54499,             0.72373,             0.59616,             0.44341,            0.023558,           0.0071103,            0.066045,           0.0042085,           0.0042085,           0.0042085
                 119,           0.0095828,           0.0033726,          0.00050938,             0.53049,             0.69211,             0.59666,             0.44375,            0.023638,           0.0072383,            0.068838,            0.004159,            0.004159,            0.004159
                 120,           0.0098914,           0.0034694,          0.00085058,             0.52948,             0.70629,             0.60535,             0.45012,             0.02329,           0.0071668,            0.070522,           0.0041095,           0.0041095,           0.0041095
                 121,           0.0092761,           0.0031488,          0.00049423,             0.52347,             0.68361,             0.57729,             0.42374,            0.023707,           0.0066443,            0.084981,             0.00406,             0.00406,             0.00406
                 122,            0.010045,           0.0033333,          0.00050982,             0.56071,             0.64801,             0.57147,             0.41765,             0.02381,           0.0072171,            0.064128,           0.0040105,           0.0040105,           0.0040105
                 123,           0.0091722,           0.0031106,          0.00049589,             0.56646,             0.69236,             0.60606,             0.44931,            0.023334,           0.0067295,            0.067459,            0.003961,            0.003961,            0.003961
                 124,           0.0095263,           0.0033063,          0.00063038,             0.53138,             0.71499,             0.61367,             0.45311,            0.023093,           0.0068421,            0.072869,           0.0039115,           0.0039115,           0.0039115
                 125,           0.0098002,            0.003306,          0.00063355,             0.50771,             0.65703,             0.55835,             0.42251,            0.023539,           0.0070866,            0.082003,            0.003862,            0.003862,            0.003862
                 126,           0.0092527,           0.0031816,          0.00068768,             0.57248,             0.63901,             0.58319,              0.4364,            0.023654,           0.0071904,            0.059103,           0.0038125,           0.0038125,           0.0038125
                 127,           0.0097746,           0.0032511,          0.00067665,             0.54631,             0.71921,               0.602,             0.44784,             0.02337,           0.0069032,            0.067355,            0.003763,            0.003763,            0.003763
                 128,           0.0092097,           0.0032577,           0.0003043,             0.59892,              0.6348,              0.6127,             0.46184,            0.023266,           0.0070955,            0.066976,           0.0037135,           0.0037135,           0.0037135
                 129,            0.009341,           0.0032101,          0.00062608,              0.5806,             0.64853,             0.60252,             0.44793,            0.023459,           0.0072777,            0.068187,            0.003664,            0.003664,            0.003664
                 130,           0.0092547,           0.0033483,          0.00071598,             0.53809,             0.70344,             0.59381,             0.44256,            0.023543,           0.0072862,            0.067343,           0.0036145,           0.0036145,           0.0036145
                 131,           0.0091456,            0.003352,          0.00032375,             0.51846,             0.65509,             0.55094,             0.41441,            0.023243,            0.007511,            0.075649,            0.003565,            0.003565,            0.003565
                 132,           0.0094193,           0.0033013,          0.00037981,             0.54236,             0.70504,             0.59455,             0.44467,            0.023417,           0.0071049,            0.071556,           0.0035155,           0.0035155,           0.0035155
                 133,           0.0088728,           0.0031388,          0.00039121,              0.5481,             0.72974,             0.61565,             0.45708,            0.023002,            0.006876,            0.071777,            0.003466,            0.003466,            0.003466
                 134,           0.0094947,           0.0033077,          0.00048699,             0.59437,             0.68214,             0.63798,             0.47962,            0.022643,           0.0068551,             0.06518,           0.0034165,           0.0034165,           0.0034165
                 135,           0.0089056,           0.0032502,          0.00036727,             0.56429,             0.71399,             0.65098,             0.49081,            0.022747,           0.0067065,            0.067976,            0.003367,            0.003367,            0.003367
                 136,           0.0089066,           0.0032082,          0.00048696,             0.56803,             0.72324,             0.63604,              0.4794,            0.023144,           0.0069249,            0.071326,           0.0033175,           0.0033175,           0.0033175
                 137,           0.0088835,            0.003129,          0.00031346,             0.58091,             0.72798,             0.64461,             0.49189,             0.02279,           0.0070387,            0.071766,            0.003268,            0.003268,            0.003268
                 138,           0.0087903,           0.0031001,           0.0002411,             0.57187,             0.70999,             0.62537,             0.47142,            0.022919,            0.007053,            0.074215,           0.0032185,           0.0032185,           0.0032185
                 139,           0.0087572,           0.0030353,          0.00021725,              0.5939,             0.70138,             0.63481,             0.47858,            0.022705,           0.0068339,            0.071915,            0.003169,            0.003169,            0.003169
                 140,           0.0089708,           0.0031876,          0.00067927,             0.55027,             0.71265,             0.61167,             0.45641,            0.023115,            0.006941,            0.069369,           0.0031195,           0.0031195,           0.0031195
                 141,           0.0086032,           0.0030395,          0.00036667,               0.573,             0.65464,             0.61864,             0.46032,            0.023456,           0.0070365,             0.06897,             0.00307,             0.00307,             0.00307
                 142,           0.0086893,           0.0029509,          0.00053715,             0.55579,             0.70899,             0.62845,             0.46394,            0.023395,           0.0071371,            0.069133,           0.0030205,           0.0030205,           0.0030205
                 143,           0.0083584,           0.0030884,          0.00040682,             0.54444,             0.69749,             0.61184,             0.45578,             0.02317,           0.0073528,             0.06744,            0.002971,            0.002971,            0.002971
                 144,           0.0083609,           0.0030591,          0.00048115,             0.54418,             0.72078,             0.63614,             0.47448,            0.023033,           0.0068515,             0.06574,           0.0029215,           0.0029215,           0.0029215
                 145,           0.0085764,           0.0031103,          0.00026145,             0.55661,             0.71149,             0.62631,             0.47172,            0.023277,           0.0071596,            0.067094,            0.002872,            0.002872,            0.002872
                 146,           0.0083624,           0.0030573,          0.00033592,             0.54439,             0.70728,             0.62852,             0.47204,             0.02305,           0.0069464,             0.06655,           0.0028225,           0.0028225,           0.0028225
                 147,           0.0084449,           0.0029434,          0.00052302,             0.54461,             0.68709,             0.61065,             0.45845,            0.023199,           0.0071688,            0.071865,            0.002773,            0.002773,            0.002773
                 148,           0.0087162,           0.0029878,           0.0003204,             0.54408,             0.71149,              0.6216,             0.46466,            0.022866,           0.0070423,            0.072137,           0.0027235,           0.0027235,           0.0027235
                 149,           0.0083234,           0.0029841,          0.00033017,             0.56102,             0.71539,             0.62074,             0.46734,            0.022823,           0.0070297,            0.068293,            0.002674,            0.002674,            0.002674
                 150,            0.008394,           0.0028399,          0.00039087,             0.55358,             0.69999,             0.60807,             0.45784,            0.023068,           0.0072337,            0.069778,           0.0026245,           0.0026245,           0.0026245
                 151,           0.0081557,           0.0029582,          0.00032016,             0.54724,             0.72447,              0.6034,             0.45171,            0.022903,            0.007245,            0.070885,            0.002575,            0.002575,            0.002575
                 152,           0.0082563,           0.0028408,          0.00031577,             0.54937,              0.7174,             0.61871,             0.46265,            0.022867,           0.0073103,            0.069027,           0.0025255,           0.0025255,           0.0025255
                 153,           0.0084138,           0.0030174,          0.00038658,             0.56186,             0.70301,             0.61753,             0.46341,            0.022762,           0.0071131,            0.067001,            0.002476,            0.002476,            0.002476
                 154,           0.0081305,           0.0028987,          0.00016845,             0.59998,             0.63334,             0.61831,             0.46149,            0.023018,           0.0071822,             0.06737,           0.0024265,           0.0024265,           0.0024265
                 155,           0.0082074,           0.0030316,          0.00038417,             0.55501,             0.70637,             0.61242,             0.45886,            0.023151,           0.0072918,            0.069568,            0.002377,            0.002377,            0.002377
                 156,           0.0080819,           0.0030019,           0.0002134,             0.54504,             0.72648,              0.6204,             0.46576,            0.022826,           0.0072387,            0.071344,           0.0023275,           0.0023275,           0.0023275
                 157,           0.0079977,           0.0029427,          0.00028201,             0.56007,             0.71548,             0.63475,             0.48153,            0.022538,           0.0071075,            0.068525,            0.002278,            0.002278,            0.002278
                 158,           0.0079723,           0.0027935,          0.00036414,             0.60412,             0.64028,             0.61279,             0.46112,            0.022996,           0.0071241,             0.06824,           0.0022285,           0.0022285,           0.0022285
                 159,            0.008299,           0.0030242,          0.00034523,             0.59757,             0.66022,             0.62244,             0.46853,            0.022983,           0.0070873,            0.068118,            0.002179,            0.002179,            0.002179
                 160,            0.007951,           0.0027879,          0.00031973,             0.58288,             0.70649,             0.62371,             0.47196,            0.022898,           0.0074265,            0.071406,           0.0021295,           0.0021295,           0.0021295
                 161,           0.0078561,           0.0027845,          0.00027703,              0.5706,             0.69824,             0.61067,             0.46344,            0.023099,           0.0077282,            0.071006,             0.00208,             0.00208,             0.00208
                 162,            0.008049,           0.0029306,          0.00024695,             0.56729,             0.69275,             0.61777,             0.46297,            0.023002,           0.0072207,            0.069154,           0.0020305,           0.0020305,           0.0020305
                 163,           0.0078137,           0.0028721,          0.00028214,             0.62713,             0.62901,              0.6314,             0.47289,            0.023106,           0.0071723,            0.069266,            0.001981,            0.001981,            0.001981
                 164,           0.0075973,           0.0028567,          0.00015817,             0.61675,             0.64353,             0.63233,             0.47576,            0.023051,            0.007399,            0.069241,           0.0019315,           0.0019315,           0.0019315
                 165,           0.0073396,           0.0027977,          0.00016965,              0.5593,             0.71417,             0.62056,             0.46528,            0.023636,           0.0076338,             0.07119,            0.001882,            0.001882,            0.001882
                 166,           0.0073567,           0.0027412,          0.00039609,             0.56419,             0.72988,             0.61985,             0.46775,            0.023387,           0.0075438,            0.074878,           0.0018325,           0.0018325,           0.0018325
                 167,              0.0077,           0.0028865,             0.00037,             0.57104,             0.73068,             0.61885,             0.46527,            0.023184,            0.007419,            0.077063,            0.001783,            0.001783,            0.001783
                 168,           0.0074988,           0.0025847,          0.00018913,             0.56483,             0.71639,              0.6311,             0.47384,            0.022767,           0.0074639,            0.075637,           0.0017335,           0.0017335,           0.0017335
                 169,           0.0074631,            0.002753,          0.00019526,             0.55038,              0.7028,             0.60434,             0.45445,            0.022577,           0.0076053,            0.076205,            0.001684,            0.001684,            0.001684
                 170,           0.0074436,           0.0026562,          0.00027733,             0.55809,             0.68626,             0.61164,             0.46249,            0.022505,            0.007381,            0.078054,           0.0016345,           0.0016345,           0.0016345
                 171,           0.0076066,           0.0028538,          0.00031155,             0.56384,             0.70999,             0.61502,             0.46428,            0.022656,           0.0073353,            0.081021,            0.001585,            0.001585,            0.001585
                 172,           0.0074367,           0.0027925,          0.00027747,             0.55295,             0.68451,             0.60818,             0.46434,            0.022601,           0.0075598,            0.077046,           0.0015355,           0.0015355,           0.0015355
                 173,           0.0073732,           0.0028313,          0.00035917,             0.55589,             0.70249,             0.61783,             0.46971,            0.022466,            0.007634,            0.074411,            0.001486,            0.001486,            0.001486
                 174,           0.0072063,           0.0027265,          0.00013249,             0.56127,             0.67669,             0.60804,             0.45985,            0.022628,           0.0077288,            0.075629,           0.0014365,           0.0014365,           0.0014365
                 175,            0.007343,           0.0027337,          0.00017934,              0.5833,             0.69326,             0.61631,             0.46421,            0.022784,           0.0074955,            0.075879,            0.001387,            0.001387,            0.001387
                 176,           0.0072715,            0.002732,          0.00023338,             0.59353,             0.67402,             0.61517,             0.46892,            0.022567,           0.0074701,            0.077084,           0.0013375,           0.0013375,           0.0013375
                 177,           0.0073406,           0.0027561,          0.00029499,               0.562,             0.70215,             0.62326,             0.47189,            0.022578,           0.0074748,            0.074867,            0.001288,            0.001288,            0.001288
                 178,           0.0071039,           0.0027354,          0.00014878,             0.56895,             0.72165,             0.61466,             0.46313,            0.022814,           0.0074652,            0.077049,           0.0012385,           0.0012385,           0.0012385
                 179,           0.0069652,            0.002684,            0.000183,             0.57252,             0.71166,             0.61979,             0.47097,            0.022826,           0.0075966,            0.077005,            0.001189,            0.001189,            0.001189
                 180,           0.0073473,           0.0025214,          0.00026121,             0.57222,             0.70238,              0.6188,              0.4707,            0.022948,           0.0078153,            0.074701,           0.0011395,           0.0011395,           0.0011395
                 181,           0.0073011,            0.002817,          0.00017283,             0.62658,             0.64778,             0.62774,              0.4757,            0.022844,           0.0075368,            0.073463,             0.00109,             0.00109,             0.00109
                 182,           0.0068871,           0.0025649,          0.00025288,              0.6125,             0.66433,             0.62598,             0.47609,            0.022818,           0.0074626,            0.073719,           0.0010405,           0.0010405,           0.0010405
                 183,           0.0069037,           0.0025928,          0.00027037,             0.57374,             0.70834,             0.62993,             0.48068,            0.022866,           0.0074673,            0.072961,            0.000991,            0.000991,            0.000991
                 184,           0.0067792,           0.0024939,          0.00030375,             0.56798,             0.70973,             0.63316,             0.47904,            0.022722,           0.0075007,            0.072588,           0.0009415,           0.0009415,           0.0009415
